Number,Name,CommandCsvFiles
1,Command0,e40da778-c81a-42ba-8bdc-a7a42064c0ed
2,Command1-1,dc31fc50-355e-4831-97f1-85138b035ee4
3,Command1-2,8aa9679d-40e9-44cd-a07e-c5b66b7be88e
4,Command1-3,59050c4d-2712-4e68-8ad6-bb514462e2a6
5,Command2-1,e1c865f5-a366-4e64-8c29-ed34a8c8da52
6,Command2-2,ed69d3f0-8d43-4b0a-875c-88d937ee8465
7,Command2-3,6d43b3a0-24f5-4783-9ce7-ed71c531bf76
8,Command3-1,63f4229c-d61f-403b-9349-f8def5c71f99
9,Command3-2,9cb245b7-d612-4abf-a6f3-928f8d9b1ba1
10,Command3-3,c1247499-81a3-4dae-b6b3-0c37b1fa8909
11,Command4-1,deb64231-c074-4eee-8018-0bd12c993b6e
12,Command4-2,82ff3503-76b9-485c-ac1a-e428979a1e99
13,Command4-3,b6e8093d-6aef-49e1-b4d8-8c4d506de414
14,Command5-1,192aaff5-d00b-4c94-9fa3-4194a8dfc7b3
15,Command5-2,88f45bc0-b264-42a9-ac19-c842f6d2e654
16,Command5-3,07d51ba4-024c-4c09-860b-136849b2c046
17,Command6-1,ed233e7f-2464-4597-ac45-0dee8c76fb72
18,Command6-2,601f8874-6a0e-40a9-9e86-b0dfb8ea14df
19,Command6-3,2ec3759b-374b-4f37-9e1e-a2fc8a5362bd